Epoch,Clf loss,Aux loss
1,1.374,0.0
2,1.051,0.0
3,0.937,0.0
4,0.943,0.0
5,0.975,0.0
6,0.887,0.0
7,0.797,0.0
8,0.8,0.0
9,0.728,0.0
10,0.672,0.0
11,0.842,0.0
12,0.605,0.0
13,0.541,0.0
14,0.487,0.0
15,0.427,0.0
16,0.38,0.0
17,0.369,0.0
18,0.348,0.0
19,0.348,0.0
20,0.305,0.0
21,0.279,0.0
22,0.264,0.0
23,0.245,0.0
24,0.23,0.0
25,0.233,0.0
26,0.266,0.0
27,0.223,0.0
28,0.192,0.0
29,0.175,0.0
30,0.173,0.0
31,0.166,0.0
32,0.168,0.0
33,0.156,0.0
34,0.163,0.0
35,0.127,0.0
36,0.132,0.0
37,0.141,0.0
38,0.132,0.0
39,0.122,0.0
40,0.128,0.0
41,0.131,0.0
42,0.144,0.0
43,0.118,0.0
44,0.098,0.0
45,0.104,0.0
46,0.106,0.0
47,0.096,0.0
48,0.101,0.0
49,0.109,0.0
50,0.08,0.0
51,0.096,0.0
52,0.09,0.0
53,0.07,0.0
54,0.069,0.0
55,0.055,0.0
56,0.056,0.0
57,0.065,0.0
58,0.069,0.0
59,0.095,0.0
60,0.088,0.0
61,0.086,0.0
62,0.063,0.0
63,0.046,0.0
64,0.05,0.0
65,0.055,0.0
66,0.057,0.0
67,0.065,0.0
68,0.051,0.0
69,0.055,0.0
70,0.056,0.0
71,0.073,0.0
72,0.05,0.0
73,0.041,0.0
74,0.038,0.0
75,0.043,0.0
76,0.039,0.0
77,0.034,0.0
78,0.047,0.0
79,0.05,0.0
80,0.057,0.0
81,0.061,0.0
82,0.053,0.0
83,0.047,0.0
84,0.057,0.0
85,0.075,0.0
86,0.052,0.0
87,0.053,0.0
88,0.037,0.0
89,0.039,0.0
90,0.031,0.0
91,0.033,0.0
92,0.026,0.0
93,0.03,0.0
94,0.054,0.0
95,0.039,0.0
96,0.029,0.0
97,0.041,0.0
98,0.047,0.0
99,0.045,0.0
100,0.063,0.0
101,0.057,0.0
102,0.05,0.0
103,0.044,0.0
104,0.048,0.0
105,0.059,0.0
106,0.062,0.0
107,0.033,0.0
108,0.024,0.0
109,0.021,0.0
110,0.022,0.0
111,0.022,0.0
112,0.01,0.0
113,0.009,0.0
114,0.008,0.0
115,0.008,0.0
116,0.005,0.0
117,0.006,0.0
118,0.004,0.0
119,0.006,0.0
120,0.005,0.0
121,0.006,0.0
122,0.003,0.0
123,0.003,0.0
124,0.005,0.0
125,0.003,0.0
126,0.004,0.0
127,0.003,0.0
128,0.004,0.0
129,0.003,0.0
130,0.004,0.0
131,0.003,0.0
132,0.003,0.0
133,0.003,0.0
134,0.003,0.0
135,0.002,0.0
136,0.003,0.0
137,0.002,0.0
138,0.003,0.0
139,0.002,0.0
140,0.004,0.0
141,0.003,0.0
142,0.003,0.0
143,0.003,0.0
144,0.002,0.0
145,0.002,0.0
146,0.003,0.0
147,0.004,0.0
148,0.002,0.0
149,0.003,0.0
150,0.003,0.0
151,0.003,0.0
152,0.003,0.0
153,0.004,0.0
154,0.003,0.0
155,0.003,0.0
156,0.004,0.0
157,0.004,0.0
158,0.003,0.0
159,0.002,0.0
160,0.003,0.0
161,0.003,0.0
162,0.003,0.0
163,0.002,0.0
164,0.003,0.0
165,0.003,0.0
166,0.002,0.0
167,0.003,0.0
168,0.002,0.0
169,0.003,0.0
170,0.003,0.0
1,1.524,1.42
2,0.942,1.024
3,0.677,0.743
4,0.562,0.641
5,0.51,0.591
6,0.48,0.562
7,0.476,0.572
8,0.433,0.524
9,0.403,0.494
10,0.418,0.492
11,0.704,0.713
12,0.435,0.548
13,0.41,0.496
14,0.342,0.407
15,0.355,0.42
16,0.316,0.369
17,0.274,0.333
18,0.264,0.313
19,0.259,0.307
20,0.257,0.308
21,0.266,0.316
22,0.236,0.282
23,0.272,0.312
24,0.206,0.257
25,0.21,0.286
26,0.203,0.259
27,0.194,0.238
28,0.19,0.226
29,0.139,0.177
30,0.177,0.22
31,0.15,0.185
32,0.178,0.226
33,0.158,0.2
34,0.143,0.18
35,0.204,0.263
36,0.153,0.192
37,0.136,0.168
38,0.202,0.251
39,0.163,0.201
40,0.156,0.191
41,0.201,0.248
42,0.116,0.141
43,0.194,0.251
44,0.104,0.134
45,0.103,0.12
46,0.13,0.172
47,0.106,0.131
48,0.125,0.154
49,0.132,0.165
50,0.145,0.179
51,0.181,0.206
52,0.141,0.181
53,0.109,0.127
54,0.087,0.111
55,0.116,0.137
56,0.152,0.192
57,0.098,0.125
58,0.117,0.152
59,0.157,0.215
60,0.117,0.152
61,0.118,0.146
62,0.091,0.125
63,0.071,0.093
64,0.085,0.104
65,0.14,0.194
66,0.114,0.154
67,0.126,0.162
68,0.079,0.105
69,0.069,0.092
70,0.071,0.094
71,0.09,0.114
72,0.163,0.206
73,0.073,0.104
74,0.074,0.106
75,0.103,0.134
76,0.069,0.083
77,0.092,0.113
78,0.163,0.206
79,0.094,0.118
80,0.073,0.096
81,0.069,0.101
82,0.094,0.124
83,0.105,0.141
84,0.089,0.115
85,0.108,0.134
86,0.079,0.099
87,0.052,0.063
88,0.049,0.075
89,0.052,0.069
90,0.107,0.13
91,0.124,0.164
92,0.103,0.128
93,0.115,0.15
94,0.072,0.089
95,0.067,0.083
96,0.06,0.08
97,0.051,0.066
98,0.035,0.047
99,0.035,0.044
100,0.054,0.066
101,0.169,0.206
102,0.096,0.121
103,0.098,0.121
104,0.075,0.096
105,0.061,0.083
106,0.065,0.093
107,0.061,0.087
108,0.068,0.088
109,0.091,0.116
110,0.094,0.116
111,0.042,0.057
112,0.02,0.029
113,0.014,0.018
114,0.013,0.016
115,0.016,0.018
116,0.013,0.014
117,0.015,0.015
118,0.012,0.013
119,0.011,0.013
120,0.009,0.01
121,0.01,0.01
122,0.01,0.01
123,0.007,0.007
124,0.007,0.006
125,0.008,0.008
126,0.007,0.006
127,0.007,0.009
128,0.007,0.008
129,0.008,0.007
130,0.008,0.007
131,0.007,0.008
132,0.006,0.006
133,0.007,0.007
134,0.006,0.006
135,0.005,0.005
136,0.005,0.005
137,0.006,0.006
138,0.005,0.006
139,0.005,0.005
140,0.006,0.006
141,0.005,0.005
142,0.006,0.008
143,0.005,0.006
144,0.004,0.004
145,0.005,0.005
146,0.007,0.006
147,0.005,0.005
148,0.005,0.005
149,0.005,0.005
150,0.005,0.004
151,0.005,0.005
152,0.005,0.005
153,0.005,0.009
154,0.005,0.005
155,0.005,0.005
156,0.006,0.006
157,0.006,0.009
158,0.004,0.004
159,0.005,0.005
160,0.008,0.008
161,0.004,0.004
162,0.006,0.006
163,0.005,0.004
164,0.004,0.004
165,0.004,0.005
166,0.005,0.005
167,0.006,0.006
168,0.004,0.004
169,0.005,0.004
170,0.004,0.004
1,1.621,1.32
2,0.652,0.791
3,0.452,0.529
4,0.345,0.435
5,0.28,0.369
6,0.26,0.34
7,0.284,0.388
8,0.258,0.37
9,0.243,0.351
10,0.241,0.351
11,0.634,0.577
12,0.258,0.377
13,0.21,0.306
14,0.183,0.268
15,0.154,0.229
16,0.196,0.295
17,0.154,0.242
18,0.142,0.23
19,0.152,0.242
20,0.215,0.334
21,0.168,0.258
22,0.15,0.248
23,0.141,0.205
24,0.137,0.218
25,0.143,0.226
26,0.113,0.196
27,0.112,0.176
28,0.13,0.186
29,0.104,0.169
30,0.123,0.196
31,0.086,0.15
32,0.081,0.127
33,0.105,0.179
34,0.14,0.222
35,0.115,0.201
36,0.111,0.173
37,0.131,0.195
38,0.124,0.205
39,0.096,0.145
40,0.095,0.147
41,0.097,0.164
42,0.09,0.162
43,0.073,0.127
44,0.078,0.14
45,0.074,0.131
46,0.063,0.113
47,0.12,0.227
48,0.061,0.113
49,0.067,0.111
50,0.067,0.113
51,0.069,0.115
52,0.07,0.124
53,0.087,0.164
54,0.084,0.15
55,0.103,0.183
56,0.088,0.148
57,0.091,0.165
58,0.087,0.148
59,0.074,0.129
60,0.07,0.117
61,0.056,0.099
62,0.067,0.113
63,0.117,0.192
64,0.08,0.128
65,0.047,0.078
66,0.049,0.098
67,0.143,0.233
68,0.106,0.184
69,0.066,0.105
70,0.088,0.144
71,0.046,0.073
72,0.059,0.093
73,0.061,0.115
74,0.061,0.11
75,0.061,0.107
76,0.07,0.122
77,0.087,0.17
78,0.046,0.078
79,0.079,0.124
80,0.122,0.201
81,0.067,0.109
82,0.104,0.169
83,0.067,0.117
84,0.067,0.117
85,0.087,0.138
86,0.059,0.107
87,0.042,0.084
88,0.034,0.064
89,0.053,0.099
90,0.122,0.222
91,0.075,0.125
92,0.085,0.148
93,0.061,0.108
94,0.124,0.219
95,0.085,0.143
96,0.052,0.085
97,0.09,0.143
98,0.067,0.116
99,0.068,0.123
100,0.086,0.11
101,0.12,0.194
102,0.1,0.169
103,0.057,0.096
104,0.05,0.084
105,0.066,0.114
106,0.054,0.108
107,0.058,0.11
108,0.054,0.098
109,0.069,0.127
110,0.046,0.079
111,0.033,0.056
112,0.016,0.026
113,0.013,0.021
114,0.011,0.021
115,0.009,0.013
116,0.009,0.011
117,0.009,0.012
118,0.011,0.016
119,0.008,0.009
120,0.012,0.017
121,0.009,0.01
122,0.009,0.01
123,0.008,0.01
124,0.01,0.016
125,0.008,0.01
126,0.006,0.007
127,0.006,0.006
128,0.007,0.008
129,0.006,0.007
130,0.006,0.007
131,0.004,0.005
132,0.007,0.006
133,0.007,0.006
134,0.007,0.007
135,0.006,0.006
136,0.005,0.005
137,0.006,0.005
138,0.005,0.005
139,0.005,0.006
140,0.007,0.006
141,0.01,0.017
142,0.005,0.005
143,0.005,0.006
144,0.007,0.007
145,0.006,0.006
146,0.006,0.008
147,0.005,0.005
148,0.004,0.007
149,0.004,0.004
150,0.004,0.006
151,0.006,0.006
152,0.005,0.005
153,0.005,0.005
154,0.007,0.007
155,0.005,0.005
156,0.005,0.004
157,0.006,0.009
158,0.005,0.006
159,0.005,0.008
160,0.005,0.004
161,0.005,0.004
162,0.005,0.005
163,0.004,0.005
164,0.006,0.008
165,0.005,0.005
166,0.006,0.008
167,0.005,0.004
168,0.006,0.007
169,0.005,0.006
170,0.006,0.006
1,1.834,1.311
2,0.833,0.907
3,0.578,0.651
4,0.434,0.514
5,0.379,0.476
6,0.345,0.437
7,0.325,0.398
8,0.342,0.482
9,0.311,0.411
10,0.293,0.374
11,0.695,0.563
12,0.316,0.413
13,0.303,0.357
14,0.282,0.343
15,0.215,0.285
16,0.207,0.282
17,0.211,0.277
18,0.175,0.25
19,0.148,0.208
20,0.149,0.236
21,0.34,0.483
22,0.237,0.308
23,0.242,0.322
24,0.208,0.29
25,0.207,0.318
26,0.176,0.279
27,0.158,0.235
28,0.16,0.244
29,0.109,0.175
30,0.135,0.21
31,0.104,0.17
32,0.086,0.142
33,0.168,0.246
34,0.175,0.285
35,0.102,0.163
36,0.097,0.153
37,0.21,0.287
38,0.114,0.191
39,0.099,0.172
40,0.19,0.31
41,0.18,0.279
42,0.139,0.202
43,0.098,0.159
44,0.081,0.138
45,0.11,0.209
46,0.109,0.175
47,0.085,0.136
48,0.095,0.176
49,0.12,0.214
50,0.1,0.156
51,0.077,0.144
52,0.136,0.222
53,0.069,0.121
54,0.079,0.121
55,0.056,0.115
56,0.135,0.242
57,0.078,0.129
58,0.11,0.171
59,0.129,0.194
60,0.172,0.237
61,0.089,0.125
62,0.153,0.234
63,0.151,0.235
64,0.135,0.212
65,0.061,0.101
66,0.039,0.074
67,0.041,0.066
68,0.035,0.054
69,0.051,0.093
70,0.099,0.174
71,0.161,0.231
72,0.117,0.167
73,0.061,0.108
74,0.066,0.104
75,0.112,0.166
76,0.248,0.333
77,0.101,0.166
78,0.111,0.188
79,0.078,0.128
80,0.077,0.127
81,0.07,0.128
82,0.155,0.248
83,0.109,0.166
84,0.087,0.132
85,0.094,0.147
86,0.149,0.239
87,0.093,0.148
88,0.129,0.18
89,0.068,0.119
90,0.089,0.141
91,0.058,0.092
92,0.038,0.071
93,0.064,0.126
94,0.139,0.193
95,0.069,0.127
96,0.089,0.122
97,0.086,0.127
98,0.046,0.072
99,0.098,0.165
100,0.113,0.181
101,0.066,0.104
102,0.052,0.093
103,0.043,0.073
104,0.073,0.122
105,0.052,0.089
106,0.062,0.093
107,0.111,0.155
108,0.124,0.188
109,0.058,0.095
110,0.076,0.127
111,0.041,0.072
112,0.024,0.042
113,0.021,0.034
114,0.031,0.038
115,0.022,0.034
116,0.014,0.021
117,0.011,0.017
118,0.016,0.02
119,0.011,0.016
120,0.011,0.017
121,0.009,0.014
122,0.01,0.014
123,0.009,0.012
124,0.009,0.011
125,0.015,0.018
126,0.01,0.01
127,0.013,0.012
128,0.012,0.013
129,0.009,0.009
130,0.011,0.012
131,0.009,0.015
132,0.007,0.008
133,0.007,0.008
134,0.007,0.007
135,0.008,0.011
136,0.008,0.01
137,0.009,0.013
138,0.008,0.013
139,0.01,0.013
140,0.01,0.014
141,0.008,0.007
142,0.008,0.01
143,0.007,0.014
144,0.009,0.01
145,0.008,0.007
146,0.012,0.01
147,0.01,0.01
148,0.007,0.007
149,0.009,0.01
150,0.008,0.013
151,0.007,0.007
152,0.007,0.009
153,0.007,0.007
154,0.009,0.01
155,0.008,0.007
156,0.008,0.008
157,0.008,0.009
158,0.008,0.007
159,0.006,0.006
160,0.008,0.008
161,0.007,0.005
162,0.007,0.007
163,0.007,0.008
164,0.008,0.012
165,0.008,0.008
166,0.007,0.006
167,0.007,0.006
168,0.007,0.01
169,0.006,0.005
170,0.006,0.006
1,2.081,1.442
2,0.832,0.971
3,0.556,0.754
4,0.44,0.625
5,0.365,0.532
6,0.343,0.505
7,0.348,0.527
8,0.302,0.498
9,0.357,0.52
10,0.283,0.459
11,0.809,0.62
12,0.32,0.449
13,0.371,0.536
14,0.251,0.406
15,0.245,0.384
16,0.217,0.309
17,0.209,0.338
18,0.213,0.354
19,0.198,0.305
20,0.21,0.348
21,0.178,0.298
22,0.196,0.346
23,0.203,0.361
24,0.15,0.263
25,0.122,0.216
26,0.129,0.227
27,0.117,0.224
28,0.159,0.277
29,0.103,0.188
30,0.116,0.211
31,0.129,0.212
32,0.139,0.252
33,0.118,0.216
34,0.137,0.236
35,0.114,0.216
36,0.113,0.216
37,0.111,0.195
38,0.141,0.262
39,0.121,0.211
40,0.082,0.152
41,0.111,0.185
42,0.22,0.362
43,0.14,0.254
44,0.111,0.194
45,0.116,0.194
46,0.095,0.185
47,0.095,0.176
48,0.135,0.248
49,0.088,0.16
50,0.057,0.107
51,0.057,0.105
52,0.122,0.197
53,0.133,0.23
54,0.12,0.196
55,0.111,0.213
56,0.074,0.149
57,0.123,0.225
58,0.078,0.164
59,0.077,0.145
60,0.061,0.11
61,0.091,0.177
62,0.089,0.159
63,0.087,0.158
64,0.081,0.159
65,0.078,0.128
66,0.063,0.124
67,0.056,0.113
68,0.062,0.128
69,0.063,0.124
70,0.066,0.132
71,0.094,0.187
72,0.145,0.234
73,0.112,0.209
74,0.082,0.141
75,0.115,0.184
76,0.065,0.114
77,0.065,0.128
78,0.085,0.17
79,0.114,0.171
80,0.061,0.115
81,0.07,0.119
82,0.081,0.154
83,0.142,0.266
84,0.107,0.195
85,0.084,0.144
86,0.104,0.185
87,0.085,0.168
88,0.082,0.127
89,0.062,0.118
90,0.055,0.103
91,0.104,0.197
92,0.094,0.173
93,0.11,0.191
94,0.097,0.169
95,0.086,0.142
96,0.055,0.117
97,0.056,0.099
98,0.13,0.236
99,0.085,0.144
100,0.066,0.139
101,0.159,0.294
102,0.075,0.136
103,0.053,0.094
104,0.048,0.082
105,0.072,0.123
106,0.073,0.14
107,0.065,0.111
108,0.126,0.226
109,0.063,0.124
110,0.108,0.208
111,0.056,0.11
112,0.035,0.061
113,0.027,0.048
114,0.022,0.043
115,0.02,0.029
116,0.017,0.027
117,0.015,0.023
118,0.013,0.019
119,0.011,0.016
120,0.015,0.022
121,0.012,0.014
122,0.011,0.015
123,0.011,0.013
124,0.01,0.011
125,0.01,0.016
126,0.01,0.016
127,0.009,0.011
128,0.008,0.009
129,0.008,0.008
130,0.007,0.008
131,0.007,0.014
132,0.009,0.009
133,0.009,0.01
134,0.018,0.028
135,0.009,0.008
136,0.009,0.009
137,0.009,0.009
138,0.01,0.009
139,0.008,0.009
140,0.008,0.008
141,0.009,0.006
142,0.014,0.02
143,0.009,0.009
144,0.009,0.008
145,0.012,0.012
146,0.007,0.009
147,0.008,0.007
148,0.007,0.006
149,0.009,0.014
150,0.008,0.007
151,0.009,0.009
152,0.008,0.007
153,0.007,0.006
154,0.008,0.007
155,0.007,0.005
156,0.01,0.01
157,0.008,0.007
158,0.007,0.006
159,0.007,0.006
160,0.008,0.008
161,0.006,0.005
162,0.006,0.005
163,0.008,0.007
164,0.009,0.009
165,0.01,0.008
166,0.006,0.006
167,0.007,0.006
168,0.007,0.006
169,0.008,0.007
170,0.007,0.005
1,2.269,1.424
2,0.954,0.99
3,0.626,0.774
4,0.487,0.596
5,0.394,0.55
6,0.361,0.503
7,0.47,0.649
8,0.324,0.495
9,0.314,0.447
10,0.301,0.451
11,1.032,0.732
12,0.352,0.502
13,0.298,0.445
14,0.241,0.383
15,0.213,0.334
16,0.213,0.37
17,0.267,0.404
18,0.223,0.371
19,0.178,0.261
20,0.185,0.288
21,0.165,0.29
22,0.127,0.244
23,0.146,0.254
24,0.21,0.339
25,0.171,0.301
26,0.155,0.259
27,0.154,0.261
28,0.102,0.181
29,0.158,0.282
30,0.154,0.317
31,0.107,0.214
32,0.136,0.239
33,0.139,0.23
34,0.096,0.183
35,0.087,0.182
36,0.135,0.247
37,0.17,0.279
38,0.11,0.206
39,0.094,0.162
40,0.118,0.214
41,0.104,0.181
42,0.12,0.199
43,0.112,0.214
44,0.088,0.195
45,0.088,0.181
46,0.062,0.127
47,0.091,0.19
48,0.098,0.194
49,0.104,0.182
50,0.072,0.132
51,0.117,0.196
52,0.111,0.218
53,0.099,0.175
54,0.077,0.171
55,0.097,0.198
56,0.106,0.223
57,0.126,0.226
58,0.08,0.151
59,0.081,0.15
60,0.064,0.127
61,0.079,0.164
62,0.08,0.133
63,0.128,0.239
64,0.064,0.131
65,0.099,0.181
66,0.073,0.148
67,0.074,0.138
68,0.185,0.322
69,0.109,0.188
70,0.146,0.281
71,0.087,0.166
72,0.056,0.108
73,0.045,0.092
74,0.159,0.281
75,0.073,0.132
76,0.052,0.117
77,0.055,0.127
78,0.054,0.109
79,0.064,0.128
80,0.068,0.138
81,0.062,0.127
82,0.076,0.162
83,0.057,0.109
84,0.071,0.145
85,0.061,0.113
86,0.074,0.141
87,0.116,0.235
88,0.077,0.166
89,0.175,0.291
90,0.106,0.213
91,0.068,0.126
92,0.065,0.141
93,0.071,0.139
94,0.05,0.084
95,0.089,0.169
96,0.121,0.182
97,0.061,0.117
98,0.066,0.123
99,0.086,0.168
100,0.071,0.121
101,0.09,0.171
102,0.067,0.127
103,0.12,0.218
104,0.101,0.205
105,0.062,0.126
106,0.067,0.133
107,0.058,0.126
108,0.07,0.13
109,0.094,0.176
110,0.077,0.142
111,0.036,0.072
112,0.022,0.039
113,0.016,0.026
114,0.015,0.025
115,0.012,0.019
116,0.011,0.019
117,0.011,0.016
118,0.009,0.012
119,0.012,0.022
120,0.015,0.02
121,0.012,0.017
122,0.012,0.015
123,0.008,0.011
124,0.009,0.009
125,0.01,0.01
126,0.011,0.012
127,0.009,0.009
128,0.008,0.007
129,0.009,0.008
130,0.008,0.006
131,0.008,0.006
132,0.01,0.006
133,0.008,0.012
134,0.008,0.008
135,0.008,0.006
136,0.007,0.005
137,0.008,0.005
138,0.009,0.005
139,0.007,0.006
140,0.007,0.006
141,0.008,0.005
142,0.007,0.006
143,0.008,0.008
144,0.007,0.006
145,0.01,0.009
146,0.007,0.005
147,0.007,0.005
148,0.007,0.004
149,0.007,0.005
150,0.013,0.013
151,0.007,0.004
152,0.007,0.005
153,0.008,0.006
154,0.007,0.005
155,0.008,0.006
156,0.008,0.006
157,0.008,0.005
158,0.008,0.007
159,0.008,0.006
160,0.008,0.004
161,0.008,0.006
162,0.008,0.006
163,0.007,0.005
164,0.008,0.006
165,0.008,0.006
166,0.007,0.006
167,0.008,0.007
168,0.008,0.005
169,0.007,0.004
170,0.007,0.005
1,2.312,1.4
2,0.896,0.874
3,0.505,0.606
4,0.361,0.472
5,0.276,0.384
6,0.234,0.339
7,0.2,0.296
8,0.192,0.303
9,0.21,0.326
10,0.193,0.319
11,0.911,0.526
12,0.287,0.394
13,0.199,0.294
14,0.149,0.257
15,0.16,0.25
16,0.125,0.213
17,0.135,0.205
18,0.124,0.2
19,0.135,0.203
20,0.118,0.195
21,0.101,0.166
22,0.126,0.207
23,0.082,0.159
24,0.075,0.129
25,0.075,0.14
26,0.098,0.161
27,0.073,0.133
28,0.066,0.119
29,0.081,0.149
30,0.073,0.123
31,0.074,0.145
32,0.093,0.144
33,0.07,0.132
34,0.073,0.138
35,0.082,0.145
36,0.084,0.148
37,0.083,0.161
38,0.058,0.114
39,0.076,0.128
40,0.096,0.171
41,0.054,0.108
42,0.086,0.137
43,0.067,0.141
44,0.055,0.109
45,0.065,0.129
46,0.062,0.113
47,0.062,0.124
48,0.058,0.107
49,0.081,0.148
50,0.065,0.124
51,0.052,0.099
52,0.059,0.121
53,0.073,0.14
54,0.079,0.125
55,0.055,0.108
56,0.058,0.114
57,0.06,0.129
58,0.071,0.14
59,0.061,0.118
60,0.055,0.09
61,0.064,0.123
62,0.058,0.117
63,0.055,0.106
64,0.055,0.118
65,0.065,0.149
66,0.058,0.12
67,0.056,0.116
68,0.06,0.121
69,0.04,0.089
70,0.042,0.08
71,0.045,0.091
72,0.051,0.093
73,0.055,0.114
74,0.054,0.111
75,0.075,0.13
76,0.052,0.112
77,0.073,0.12
78,0.049,0.098
79,0.044,0.086
80,0.042,0.085
81,0.045,0.088
82,0.052,0.112
83,0.057,0.106
84,0.045,0.088
85,0.059,0.128
86,0.049,0.097
87,0.056,0.098
88,0.063,0.117
89,0.058,0.115
90,0.05,0.099
91,0.075,0.142
92,0.054,0.1
93,0.046,0.089
94,0.04,0.074
95,0.031,0.067
96,0.071,0.131
97,0.086,0.144
98,0.062,0.125
99,0.052,0.1
100,0.051,0.091
101,0.044,0.088
102,0.054,0.107
103,0.063,0.116
104,0.077,0.135
105,0.078,0.144
106,0.046,0.091
107,0.039,0.068
108,0.04,0.083
109,0.048,0.092
110,0.04,0.087
111,0.032,0.061
112,0.018,0.026
113,0.013,0.017
114,0.013,0.017
115,0.012,0.014
116,0.009,0.01
117,0.01,0.01
118,0.011,0.011
119,0.011,0.008
120,0.009,0.008
121,0.01,0.007
122,0.008,0.007
123,0.009,0.006
124,0.008,0.004
125,0.01,0.006
126,0.009,0.005
127,0.008,0.004
128,0.008,0.004
129,0.008,0.005
130,0.008,0.003
131,0.008,0.004
132,0.008,0.005
133,0.008,0.003
134,0.008,0.003
135,0.008,0.003
136,0.008,0.005
137,0.009,0.004
138,0.008,0.004
139,0.008,0.003
140,0.008,0.004
141,0.009,0.004
142,0.008,0.003
143,0.007,0.004
144,0.008,0.004
145,0.007,0.004
146,0.008,0.003
147,0.007,0.003
148,0.008,0.003
149,0.008,0.002
150,0.007,0.003
151,0.008,0.003
152,0.008,0.003
153,0.007,0.003
154,0.008,0.003
155,0.008,0.003
156,0.007,0.002
157,0.007,0.002
158,0.007,0.002
159,0.007,0.003
160,0.008,0.004
161,0.008,0.004
162,0.007,0.003
163,0.008,0.003
164,0.008,0.003
165,0.008,0.003
166,0.009,0.003
167,0.009,0.002
168,0.008,0.004
169,0.007,0.002
170,0.008,0.003
1,2.485,1.474
2,1.112,1.054
3,0.67,0.796
4,0.549,0.719
5,0.476,0.671
6,0.452,0.621
7,0.423,0.587
8,0.379,0.569
9,0.391,0.555
10,0.346,0.59
11,1.198,0.794
12,0.399,0.571
13,0.358,0.497
14,0.335,0.525
15,0.346,0.494
16,0.273,0.45
17,0.275,0.447
18,0.229,0.407
19,0.257,0.469
20,0.299,0.459
21,0.241,0.378
22,0.234,0.418
23,0.206,0.396
24,0.201,0.351
25,0.226,0.34
26,0.204,0.358
27,0.198,0.319
28,0.13,0.236
29,0.115,0.233
30,0.127,0.277
31,0.156,0.254
32,0.137,0.289
33,0.122,0.249
34,0.175,0.377
35,0.131,0.244
36,0.119,0.248
37,0.167,0.28
38,0.159,0.269
39,0.12,0.253
40,0.134,0.23
41,0.08,0.188
42,0.086,0.192
43,0.097,0.234
44,0.11,0.266
45,0.088,0.173
46,0.088,0.19
47,0.091,0.216
48,0.083,0.19
49,0.07,0.171
50,0.07,0.155
51,0.138,0.241
52,0.155,0.237
53,0.115,0.238
54,0.142,0.23
55,0.092,0.187
56,0.089,0.186
57,0.091,0.192
58,0.122,0.203
59,0.292,0.548
60,0.121,0.255
61,0.143,0.231
62,0.268,0.335
63,0.103,0.195
64,0.076,0.145
65,0.076,0.177
66,0.091,0.16
67,0.073,0.16
68,0.091,0.187
69,0.079,0.155
70,0.158,0.299
71,0.077,0.18
72,0.07,0.164
73,0.082,0.182
74,0.091,0.207
75,0.087,0.165
76,0.087,0.194
77,0.159,0.288
78,0.109,0.224
79,0.122,0.226
80,0.098,0.179
81,0.119,0.23
82,0.054,0.125
83,0.063,0.132
84,0.048,0.11
85,0.081,0.179
86,0.142,0.233
87,0.065,0.131
88,0.053,0.117
89,0.096,0.218
90,0.102,0.208
91,0.14,0.248
92,0.082,0.146
93,0.079,0.18
94,0.077,0.162
95,0.103,0.199
96,0.081,0.185
97,0.144,0.247
98,0.089,0.177
99,0.085,0.175
100,0.161,0.295
101,0.197,0.362
102,0.091,0.184
103,0.061,0.127
104,0.056,0.126
105,0.078,0.169
106,0.065,0.124
107,0.069,0.128
108,0.1,0.162
109,0.074,0.143
110,0.11,0.215
111,0.054,0.115
112,0.029,0.063
113,0.03,0.059
114,0.021,0.039
115,0.016,0.032
116,0.015,0.03
117,0.014,0.025
118,0.012,0.019
119,0.012,0.023
120,0.012,0.017
121,0.012,0.021
122,0.013,0.031
123,0.011,0.016
124,0.015,0.018
125,0.01,0.014
126,0.009,0.015
127,0.009,0.012
128,0.01,0.011
129,0.01,0.016
130,0.009,0.01
131,0.009,0.009
132,0.009,0.01
133,0.009,0.013
134,0.009,0.009
135,0.008,0.008
136,0.013,0.016
137,0.008,0.009
138,0.009,0.008
139,0.008,0.01
140,0.008,0.009
141,0.01,0.009
142,0.008,0.007
143,0.015,0.017
144,0.008,0.008
145,0.009,0.011
146,0.014,0.015
147,0.008,0.009
148,0.012,0.011
149,0.009,0.009
150,0.009,0.008
151,0.009,0.009
152,0.012,0.011
153,0.008,0.007
154,0.008,0.007
155,0.008,0.007
156,0.008,0.008
157,0.009,0.008
158,0.009,0.008
159,0.008,0.006
160,0.009,0.016
161,0.009,0.007
162,0.008,0.006
163,0.008,0.006
164,0.008,0.007
165,0.008,0.007
166,0.009,0.012
167,0.01,0.006
168,0.008,0.007
169,0.008,0.007
170,0.008,0.005
1,2.635,1.435
2,1.164,0.976
3,0.65,0.685
4,0.491,0.54
5,0.421,0.452
6,0.352,0.395
7,0.334,0.408
8,0.331,0.392
9,0.375,0.394
10,0.327,0.372
11,1.146,0.584
12,0.362,0.4
13,0.266,0.298
14,0.22,0.294
15,0.235,0.292
16,0.247,0.286
17,0.17,0.235
18,0.139,0.209
19,0.222,0.241
20,0.179,0.202
21,0.156,0.226
22,0.215,0.291
23,0.134,0.181
24,0.135,0.2
25,0.1,0.14
26,0.293,0.272
27,0.151,0.219
28,0.127,0.156
29,0.232,0.255
30,0.128,0.173
31,0.106,0.146
32,0.09,0.136
33,0.119,0.165
34,0.153,0.213
35,0.097,0.136
36,0.078,0.103
37,0.094,0.161
38,0.132,0.166
39,0.076,0.119
40,0.094,0.122
41,0.087,0.128
42,0.12,0.17
43,0.09,0.165
44,0.107,0.123
45,0.097,0.144
46,0.096,0.13
47,0.142,0.161
48,0.169,0.21
49,0.096,0.145
50,0.115,0.176
51,0.106,0.154
52,0.079,0.136
53,0.096,0.153
54,0.066,0.11
55,0.078,0.113
56,0.082,0.104
57,0.079,0.098
58,0.083,0.128
59,0.055,0.076
60,0.063,0.09
61,0.136,0.157
62,0.133,0.154
63,0.096,0.132
64,0.075,0.106
65,0.087,0.129
66,0.089,0.101
67,0.053,0.066
68,0.075,0.099
69,0.111,0.163
70,0.103,0.164
71,0.059,0.104
72,0.06,0.066
73,0.065,0.102
74,0.122,0.14
75,0.095,0.121
76,0.066,0.11
77,0.096,0.121
78,0.083,0.107
79,0.151,0.199
80,0.108,0.161
81,0.125,0.169
82,0.095,0.154
83,0.127,0.166
84,0.116,0.153
85,0.118,0.163
86,0.127,0.191
87,0.152,0.209
88,0.093,0.132
89,0.128,0.133
90,0.055,0.068
91,0.074,0.099
92,0.057,0.092
93,0.069,0.092
94,0.064,0.097
95,0.066,0.1
96,0.093,0.169
97,0.074,0.13
98,0.067,0.089
99,0.069,0.083
100,0.058,0.091
101,0.111,0.155
102,0.059,0.086
103,0.07,0.108
104,0.122,0.156
105,0.085,0.118
106,0.177,0.267
107,0.082,0.102
108,0.066,0.085
109,0.065,0.087
110,0.063,0.104
111,0.029,0.045
112,0.019,0.025
113,0.015,0.022
114,0.014,0.018
115,0.012,0.012
116,0.011,0.012
117,0.012,0.01
118,0.014,0.015
119,0.012,0.011
120,0.012,0.01
121,0.009,0.007
122,0.011,0.008
123,0.01,0.009
124,0.01,0.007
125,0.01,0.01
126,0.01,0.009
127,0.009,0.006
128,0.011,0.009
129,0.01,0.007
130,0.01,0.008
131,0.009,0.005
132,0.009,0.005
133,0.01,0.005
134,0.01,0.005
135,0.01,0.006
136,0.01,0.005
137,0.009,0.005
138,0.009,0.004
139,0.011,0.005
140,0.011,0.008
141,0.009,0.004
142,0.01,0.007
143,0.011,0.008
144,0.01,0.007
145,0.011,0.006
146,0.008,0.004
147,0.009,0.005
148,0.01,0.005
149,0.009,0.005
150,0.009,0.006
151,0.009,0.005
152,0.009,0.005
153,0.008,0.004
154,0.009,0.005
155,0.009,0.003
156,0.01,0.004
157,0.01,0.005
158,0.01,0.007
159,0.008,0.007
160,0.01,0.005
161,0.009,0.003
162,0.009,0.006
163,0.009,0.004
164,0.01,0.004
165,0.009,0.005
166,0.01,0.005
167,0.009,0.005
168,0.009,0.006
169,0.009,0.007
170,0.013,0.009
1,2.57,1.448
2,1.167,0.967
3,0.628,0.72
4,0.454,0.608
5,0.368,0.514
6,0.331,0.499
7,0.304,0.442
8,0.263,0.453
9,0.239,0.445
10,0.255,0.428
11,1.28,0.663
12,0.373,0.504
13,0.278,0.377
14,0.214,0.348
15,0.184,0.302
16,0.189,0.314
17,0.185,0.309
18,0.138,0.282
19,0.152,0.267
20,0.138,0.251
21,0.143,0.275
22,0.123,0.257
23,0.128,0.224
24,0.119,0.209
25,0.125,0.241
26,0.11,0.229
27,0.105,0.222
28,0.1,0.211
29,0.102,0.219
30,0.086,0.196
31,0.098,0.196
32,0.104,0.194
33,0.118,0.195
34,0.088,0.19
35,0.09,0.176
36,0.063,0.154
37,0.065,0.141
38,0.076,0.164
39,0.079,0.172
40,0.064,0.154
41,0.082,0.167
42,0.079,0.173
43,0.056,0.125
44,0.08,0.165
45,0.081,0.153
46,0.075,0.16
47,0.058,0.131
48,0.051,0.127
49,0.081,0.172
50,0.095,0.184
51,0.06,0.153
52,0.072,0.143
53,0.076,0.131
54,0.059,0.146
55,0.075,0.14
56,0.067,0.14
57,0.07,0.156
58,0.066,0.148
59,0.074,0.149
60,0.085,0.159
61,0.059,0.132
62,0.049,0.1
63,0.053,0.113
64,0.07,0.141
65,0.059,0.129
66,0.084,0.168
67,0.1,0.158
68,0.072,0.145
69,0.061,0.128
70,0.052,0.114
71,0.056,0.102
72,0.074,0.131
73,0.068,0.133
74,0.056,0.122
75,0.046,0.102
76,0.068,0.146
77,0.044,0.102
78,0.048,0.11
79,0.058,0.114
80,0.049,0.107
81,0.039,0.092
82,0.059,0.128
83,0.056,0.138
84,0.068,0.138
85,0.04,0.09
86,0.038,0.094
87,0.054,0.113
88,0.053,0.106
89,0.073,0.132
90,0.071,0.147
91,0.054,0.105
92,0.045,0.112
93,0.042,0.104
94,0.047,0.097
95,0.055,0.114
96,0.061,0.118
97,0.06,0.131
98,0.068,0.131
99,0.07,0.138
100,0.059,0.122
101,0.045,0.096
102,0.039,0.088
103,0.06,0.105
104,0.087,0.17
105,0.07,0.13
106,0.048,0.098
107,0.051,0.104
108,0.041,0.092
109,0.041,0.086
110,0.064,0.134
111,0.038,0.083
112,0.024,0.043
113,0.016,0.023
114,0.016,0.022
115,0.013,0.018
116,0.013,0.014
117,0.013,0.013
118,0.011,0.011
119,0.012,0.012
120,0.012,0.01
121,0.012,0.011
122,0.012,0.009
123,0.01,0.006
124,0.01,0.007
125,0.009,0.006
126,0.011,0.008
127,0.009,0.006
128,0.01,0.007
129,0.009,0.005
130,0.01,0.005
131,0.01,0.005
132,0.009,0.004
133,0.009,0.004
134,0.009,0.004
135,0.01,0.004
136,0.01,0.005
137,0.01,0.006
138,0.009,0.005
139,0.009,0.005
140,0.01,0.006
141,0.009,0.004
142,0.01,0.005
143,0.01,0.005
144,0.009,0.004
145,0.009,0.004
146,0.009,0.004
147,0.009,0.003
148,0.009,0.004
149,0.01,0.005
150,0.009,0.003
151,0.009,0.004
152,0.009,0.004
153,0.009,0.003
154,0.009,0.005
155,0.009,0.005
156,0.01,0.005
157,0.01,0.005
158,0.009,0.005
159,0.009,0.004
160,0.009,0.005
161,0.009,0.004
162,0.009,0.003
163,0.009,0.003
164,0.009,0.004
165,0.01,0.004
166,0.01,0.003
167,0.009,0.003
168,0.009,0.004
169,0.009,0.004
170,0.009,0.003
1,2.602,1.426
2,1.192,0.958
3,0.599,0.625
4,0.421,0.519
5,0.313,0.452
6,0.264,0.401
7,0.281,0.4
8,0.279,0.439
9,0.228,0.379
10,0.26,0.448
11,1.284,0.626
12,0.467,0.551
13,0.29,0.393
14,0.207,0.34
15,0.213,0.309
16,0.169,0.274
17,0.184,0.282
18,0.144,0.266
19,0.195,0.369
20,0.182,0.312
21,0.151,0.271
22,0.094,0.22
23,0.11,0.248
24,0.08,0.182
25,0.077,0.172
26,0.104,0.2
27,0.094,0.218
28,0.061,0.158
29,0.066,0.137
30,0.127,0.209
31,0.119,0.222
32,0.076,0.181
33,0.062,0.151
34,0.132,0.232
35,0.118,0.245
36,0.082,0.171
37,0.067,0.169
38,0.056,0.123
39,0.136,0.291
40,0.179,0.32
41,0.078,0.185
42,0.082,0.17
43,0.08,0.175
44,0.068,0.144
45,0.054,0.147
46,0.053,0.123
47,0.118,0.241
48,0.166,0.261
49,0.068,0.151
50,0.041,0.097
51,0.079,0.162
52,0.076,0.172
53,0.051,0.129
54,0.043,0.101
55,0.04,0.107
56,0.084,0.188
57,0.052,0.106
58,0.046,0.105
59,0.043,0.101
60,0.048,0.102
61,0.095,0.195
62,0.058,0.149
63,0.1,0.225
64,0.073,0.165
65,0.103,0.237
66,0.057,0.132
67,0.046,0.099
68,0.099,0.215
69,0.056,0.127
70,0.036,0.079
71,0.052,0.126
72,0.063,0.145
73,0.038,0.104
74,0.033,0.083
75,0.032,0.075
76,0.067,0.143
77,0.058,0.122
78,0.056,0.114
79,0.046,0.102
80,0.074,0.154
81,0.063,0.134
82,0.058,0.11
83,0.053,0.104
84,0.053,0.108
85,0.087,0.161
86,0.06,0.137
87,0.061,0.132
88,0.042,0.091
89,0.044,0.1
90,0.064,0.15
91,0.058,0.12
92,0.052,0.106
93,0.06,0.114
94,0.074,0.169
95,0.073,0.192
96,0.061,0.137
97,0.039,0.085
98,0.041,0.088
99,0.036,0.082
100,0.055,0.123
101,0.051,0.131
102,0.066,0.143
103,0.145,0.199
104,0.054,0.12
105,0.04,0.097
106,0.04,0.085
107,0.073,0.159
108,0.122,0.232
109,0.059,0.118
110,0.086,0.149
111,0.031,0.075
112,0.02,0.048
113,0.016,0.032
114,0.017,0.027
115,0.013,0.022
116,0.014,0.02
117,0.012,0.017
118,0.011,0.014
119,0.012,0.013
120,0.014,0.017
121,0.011,0.01
122,0.011,0.011
123,0.01,0.008
124,0.011,0.008
125,0.011,0.01
126,0.01,0.007
127,0.01,0.012
128,0.009,0.007
129,0.009,0.006
130,0.01,0.006
131,0.01,0.008
132,0.011,0.007
133,0.009,0.005
134,0.01,0.006
135,0.009,0.005
136,0.009,0.005
137,0.01,0.006
138,0.009,0.005
139,0.01,0.006
140,0.011,0.006
141,0.009,0.005
142,0.01,0.005
143,0.01,0.006
144,0.01,0.006
145,0.01,0.007
146,0.011,0.006
147,0.01,0.006
148,0.009,0.006
149,0.01,0.005
150,0.01,0.006
151,0.01,0.006
152,0.011,0.011
153,0.01,0.006
154,0.009,0.016
155,0.009,0.006
156,0.01,0.005
157,0.01,0.006
158,0.01,0.006
159,0.009,0.005
160,0.009,0.005
161,0.009,0.005
162,0.009,0.006
163,0.01,0.006
164,0.01,0.004
165,0.01,0.005
166,0.011,0.01
167,0.011,0.007
168,0.011,0.006
169,0.01,0.005
170,0.01,0.004
1,2.597,1.305
2,1.169,0.761
3,0.562,0.518
4,0.344,0.381
5,0.26,0.326
6,0.212,0.282
7,0.175,0.267
8,0.172,0.265
9,0.151,0.257
10,0.139,0.241
11,1.269,0.492
12,0.273,0.34
13,0.184,0.247
14,0.129,0.208
15,0.102,0.178
16,0.087,0.152
17,0.086,0.176
18,0.099,0.174
19,0.071,0.139
20,0.057,0.127
21,0.056,0.11
22,0.055,0.112
23,0.059,0.12
24,0.067,0.123
25,0.058,0.128
26,0.047,0.104
27,0.049,0.112
28,0.046,0.094
29,0.042,0.1
30,0.056,0.113
31,0.061,0.127
32,0.065,0.141
33,0.042,0.087
34,0.034,0.084
35,0.036,0.085
36,0.048,0.106
37,0.055,0.115
38,0.051,0.125
39,0.039,0.078
40,0.04,0.106
41,0.041,0.093
42,0.049,0.093
43,0.047,0.116
44,0.036,0.077
45,0.032,0.069
46,0.032,0.078
47,0.037,0.074
48,0.035,0.079
49,0.038,0.087
50,0.048,0.1
51,0.049,0.095
52,0.055,0.116
53,0.044,0.099
54,0.038,0.081
55,0.042,0.09
56,0.041,0.093
57,0.033,0.069
58,0.032,0.079
59,0.037,0.067
60,0.037,0.085
61,0.041,0.078
62,0.037,0.078
63,0.04,0.098
64,0.032,0.076
65,0.037,0.068
66,0.038,0.082
67,0.032,0.066
68,0.033,0.07
69,0.034,0.078
70,0.038,0.087
71,0.043,0.089
72,0.034,0.087
73,0.04,0.083
74,0.057,0.101
75,0.042,0.085
76,0.048,0.105
77,0.035,0.074
78,0.034,0.076
79,0.031,0.068
80,0.041,0.085
81,0.039,0.096
82,0.049,0.101
83,0.041,0.086
84,0.046,0.097
85,0.039,0.077
86,0.026,0.053
87,0.03,0.079
88,0.035,0.077
89,0.042,0.084
90,0.03,0.058
91,0.035,0.074
92,0.039,0.086
93,0.048,0.095
94,0.037,0.079
95,0.042,0.086
96,0.049,0.086
97,0.04,0.082
98,0.038,0.084
99,0.028,0.058
100,0.031,0.065
101,0.045,0.096
102,0.033,0.068
103,0.027,0.055
104,0.036,0.078
105,0.039,0.088
106,0.036,0.082
107,0.032,0.066
108,0.034,0.08
109,0.025,0.049
110,0.037,0.073
111,0.029,0.062
112,0.015,0.017
113,0.014,0.016
114,0.013,0.014
115,0.011,0.009
116,0.012,0.007
117,0.011,0.008
118,0.012,0.007
119,0.011,0.005
120,0.011,0.004
121,0.011,0.006
122,0.011,0.005
123,0.011,0.004
124,0.011,0.004
125,0.011,0.004
126,0.012,0.005
127,0.011,0.004
128,0.01,0.003
129,0.011,0.003
130,0.011,0.004
131,0.01,0.003
132,0.011,0.003
133,0.01,0.003
134,0.01,0.003
135,0.011,0.004
136,0.011,0.002
137,0.011,0.002
138,0.011,0.004
139,0.011,0.004
140,0.01,0.003
141,0.01,0.003
142,0.011,0.003
143,0.011,0.003
144,0.01,0.003
145,0.01,0.003
146,0.011,0.002
147,0.011,0.003
148,0.01,0.003
149,0.01,0.003
150,0.01,0.004
151,0.01,0.004
152,0.011,0.003
153,0.011,0.003
154,0.01,0.003
155,0.011,0.004
156,0.011,0.003
157,0.011,0.003
158,0.01,0.002
159,0.011,0.002
160,0.011,0.003
161,0.01,0.003
162,0.01,0.003
163,0.01,0.003
164,0.011,0.002
165,0.011,0.003
166,0.011,0.005
167,0.011,0.002
168,0.011,0.007
169,0.011,0.002
170,0.01,0.003
1,2.87,1.452
2,1.541,1.127
3,0.916,0.886
4,0.653,0.731
5,0.64,0.706
6,0.489,0.645
7,0.437,0.594
8,0.479,0.63
9,0.463,0.59
10,0.397,0.576
11,1.67,0.829
12,0.551,0.634
13,0.437,0.512
14,0.365,0.508
15,0.332,0.47
16,0.327,0.468
17,0.289,0.419
18,0.275,0.402
19,0.234,0.355
20,0.255,0.396
21,0.219,0.33
22,0.231,0.357
23,0.222,0.345
24,0.236,0.348
25,0.242,0.356
26,0.163,0.289
27,0.18,0.292
28,0.181,0.311
29,0.183,0.267
30,0.125,0.238
31,0.128,0.247
32,0.11,0.203
33,0.161,0.259
34,0.124,0.237
35,0.09,0.195
36,0.097,0.18
37,0.138,0.23
38,0.156,0.242
39,0.14,0.234
40,0.125,0.199
41,0.105,0.189
42,0.097,0.17
43,0.105,0.195
44,0.13,0.213
45,0.091,0.175
46,0.092,0.164
47,0.115,0.187
48,0.124,0.195
49,0.078,0.154
50,0.091,0.179
51,0.102,0.155
52,0.103,0.169
53,0.078,0.155
54,0.1,0.165
55,0.099,0.184
56,0.095,0.162
57,0.087,0.137
58,0.103,0.19
59,0.091,0.161
60,0.066,0.132
61,0.093,0.136
62,0.115,0.174
63,0.113,0.198
64,0.128,0.195
65,0.095,0.151
66,0.087,0.135
67,0.117,0.196
68,0.093,0.15
69,0.126,0.173
70,0.118,0.18
71,0.118,0.16
72,0.103,0.164
73,0.152,0.181
74,0.142,0.199
75,0.091,0.154
76,0.061,0.104
77,0.052,0.099
78,0.069,0.116
79,0.084,0.147
80,0.071,0.128
81,0.082,0.144
82,0.075,0.125
83,0.071,0.125
84,0.09,0.144
85,0.102,0.136
86,0.074,0.137
87,0.092,0.153
88,0.081,0.141
89,0.082,0.15
90,0.086,0.135
91,0.093,0.137
92,0.128,0.193
93,0.073,0.139
94,0.082,0.123
95,0.082,0.117
96,0.069,0.119
97,0.089,0.131
98,0.127,0.176
99,0.081,0.153
100,0.087,0.139
101,0.066,0.117
102,0.071,0.124
103,0.086,0.153
104,0.072,0.133
105,0.064,0.109
106,0.041,0.08
107,0.049,0.095
108,0.072,0.132
109,0.075,0.135
110,0.078,0.113
111,0.039,0.072
112,0.023,0.035
113,0.021,0.027
114,0.015,0.019
115,0.015,0.016
116,0.015,0.015
117,0.012,0.013
118,0.012,0.012
119,0.012,0.01
120,0.015,0.011
121,0.013,0.01
122,0.013,0.01
123,0.012,0.008
124,0.011,0.006
125,0.012,0.007
126,0.012,0.008
127,0.012,0.007
128,0.013,0.008
129,0.012,0.007
130,0.012,0.007
131,0.012,0.008
132,0.011,0.006
133,0.012,0.006
134,0.011,0.006
135,0.011,0.006
136,0.012,0.006
137,0.011,0.004
138,0.012,0.006
139,0.011,0.006
140,0.011,0.005
141,0.012,0.006
142,0.012,0.006
143,0.011,0.006
144,0.01,0.005
145,0.011,0.005
146,0.011,0.005
147,0.011,0.005
148,0.012,0.007
149,0.011,0.007
150,0.011,0.004
151,0.011,0.005
152,0.01,0.005
153,0.01,0.005
154,0.011,0.004
155,0.012,0.005
156,0.01,0.004
157,0.011,0.005
158,0.01,0.004
159,0.011,0.005
160,0.01,0.004
161,0.011,0.005
162,0.012,0.005
163,0.011,0.006
164,0.01,0.004
165,0.011,0.006
166,0.01,0.003
167,0.012,0.007
168,0.011,0.005
169,0.012,0.005
170,0.011,0.004
1,2.828,1.428
2,1.477,1.003
3,0.825,0.742
4,0.549,0.58
5,0.449,0.522
6,0.387,0.472
7,0.347,0.448
8,0.284,0.418
9,0.288,0.387
10,0.325,0.465
11,1.541,0.575
12,0.451,0.458
13,0.278,0.353
14,0.24,0.341
15,0.191,0.281
16,0.181,0.274
17,0.215,0.28
18,0.176,0.257
19,0.165,0.248
20,0.126,0.212
21,0.107,0.208
22,0.137,0.212
23,0.13,0.215
24,0.091,0.182
25,0.08,0.156
26,0.096,0.179
27,0.11,0.206
28,0.091,0.16
29,0.095,0.145
30,0.103,0.15
31,0.088,0.183
32,0.074,0.152
33,0.103,0.153
34,0.083,0.15
35,0.083,0.162
36,0.075,0.143
37,0.049,0.109
38,0.045,0.104
39,0.077,0.134
40,0.085,0.158
41,0.055,0.106
42,0.064,0.112
43,0.076,0.13
44,0.064,0.13
45,0.079,0.132
46,0.074,0.131
47,0.075,0.132
48,0.085,0.143
49,0.063,0.124
50,0.091,0.129
51,0.086,0.143
52,0.072,0.142
53,0.06,0.112
54,0.058,0.128
55,0.074,0.13
56,0.091,0.132
57,0.099,0.155
58,0.064,0.112
59,0.05,0.088
60,0.06,0.12
61,0.064,0.112
62,0.06,0.101
63,0.065,0.117
64,0.057,0.116
65,0.054,0.1
66,0.057,0.095
67,0.069,0.126
68,0.074,0.157
69,0.074,0.132
70,0.05,0.098
71,0.06,0.099
72,0.058,0.112
73,0.076,0.134
74,0.058,0.127
75,0.065,0.129
76,0.038,0.08
77,0.04,0.078
78,0.051,0.085
79,0.065,0.118
80,0.096,0.136
81,0.088,0.137
82,0.093,0.144
83,0.11,0.186
84,0.076,0.126
85,0.06,0.114
86,0.052,0.104
87,0.102,0.159
88,0.081,0.144
89,0.045,0.091
90,0.07,0.094
91,0.075,0.119
92,0.126,0.151
93,0.09,0.135
94,0.071,0.127
95,0.055,0.107
96,0.062,0.112
97,0.068,0.109
98,0.057,0.105
99,0.064,0.121
100,0.055,0.09
101,0.047,0.09
102,0.062,0.116
103,0.07,0.128
104,0.041,0.095
105,0.037,0.068
106,0.056,0.082
107,0.132,0.149
108,0.092,0.165
109,0.06,0.1
110,0.066,0.1
111,0.029,0.06
112,0.016,0.032
113,0.015,0.024
114,0.015,0.02
115,0.014,0.017
116,0.013,0.015
117,0.013,0.014
118,0.012,0.012
119,0.014,0.011
120,0.012,0.012
121,0.011,0.008
122,0.01,0.007
123,0.011,0.007
124,0.011,0.005
125,0.012,0.007
126,0.01,0.006
127,0.011,0.005
128,0.012,0.008
129,0.011,0.005
130,0.011,0.006
131,0.011,0.006
132,0.01,0.005
133,0.01,0.005
134,0.011,0.006
135,0.01,0.005
136,0.011,0.005
137,0.01,0.005
138,0.011,0.005
139,0.011,0.004
140,0.011,0.005
141,0.01,0.004
142,0.01,0.006
143,0.01,0.004
144,0.01,0.004
145,0.011,0.004
146,0.011,0.005
147,0.01,0.005
148,0.01,0.004
149,0.01,0.004
150,0.01,0.004
151,0.01,0.004
152,0.011,0.004
153,0.012,0.006
154,0.011,0.005
155,0.01,0.004
156,0.01,0.005
157,0.01,0.004
158,0.009,0.003
159,0.01,0.004
160,0.01,0.004
161,0.011,0.003
162,0.01,0.005
163,0.01,0.004
164,0.01,0.005
165,0.01,0.004
166,0.01,0.004
167,0.011,0.004
168,0.01,0.004
169,0.01,0.006
170,0.01,0.003
1,2.818,1.386
2,1.44,0.871
3,0.71,0.594
4,0.452,0.443
5,0.329,0.378
6,0.276,0.347
7,0.235,0.358
8,0.199,0.314
9,0.196,0.325
10,0.223,0.364
11,1.48,0.523
12,0.38,0.395
13,0.316,0.356
14,0.217,0.301
15,0.194,0.261
16,0.132,0.205
17,0.132,0.208
18,0.121,0.219
19,0.108,0.199
20,0.077,0.151
21,0.094,0.169
22,0.09,0.182
23,0.076,0.144
24,0.111,0.176
25,0.096,0.166
26,0.078,0.163
27,0.063,0.138
28,0.055,0.114
29,0.048,0.102
30,0.065,0.137
31,0.066,0.147
32,0.08,0.176
33,0.08,0.158
34,0.063,0.123
35,0.056,0.14
36,0.06,0.117
37,0.047,0.107
38,0.06,0.125
39,0.046,0.104
40,0.057,0.107
41,0.07,0.143
42,0.057,0.117
43,0.057,0.1
44,0.075,0.124
45,0.07,0.141
46,0.065,0.133
47,0.047,0.107
48,0.054,0.101
49,0.057,0.109
50,0.056,0.112
51,0.072,0.124
52,0.06,0.13
53,0.067,0.122
54,0.05,0.111
55,0.052,0.108
56,0.048,0.095
57,0.046,0.116
58,0.048,0.117
59,0.051,0.108
60,0.045,0.116
61,0.043,0.092
62,0.034,0.073
63,0.035,0.07
64,0.036,0.07
65,0.037,0.099
66,0.058,0.115
67,0.07,0.136
68,0.061,0.114
69,0.044,0.095
70,0.039,0.09
71,0.041,0.101
72,0.043,0.098
73,0.059,0.116
74,0.033,0.085
75,0.034,0.077
76,0.039,0.079
77,0.067,0.13
78,0.059,0.111
79,0.041,0.09
80,0.042,0.091
81,0.077,0.135
82,0.084,0.123
83,0.064,0.136
84,0.064,0.129
85,0.057,0.112
86,0.041,0.083
87,0.05,0.106
88,0.047,0.103
89,0.06,0.116
90,0.034,0.074
91,0.033,0.067
92,0.029,0.071
93,0.037,0.088
94,0.044,0.1
95,0.036,0.075
96,0.066,0.145
97,0.054,0.123
98,0.038,0.08
99,0.033,0.074
100,0.037,0.086
101,0.038,0.081
102,0.048,0.091
103,0.048,0.102
104,0.061,0.123
105,0.041,0.088
106,0.043,0.095
107,0.038,0.083
108,0.045,0.114
109,0.045,0.095
110,0.04,0.086
111,0.031,0.062
112,0.019,0.027
113,0.016,0.022
114,0.015,0.014
115,0.014,0.015
116,0.014,0.012
117,0.013,0.01
118,0.013,0.007
119,0.014,0.009
120,0.012,0.006
121,0.013,0.007
122,0.011,0.004
123,0.012,0.005
124,0.011,0.004
125,0.011,0.005
126,0.013,0.005
127,0.011,0.005
128,0.012,0.004
129,0.012,0.004
130,0.012,0.005
131,0.011,0.003
132,0.012,0.003
133,0.011,0.004
134,0.012,0.004
135,0.012,0.004
136,0.012,0.004
137,0.012,0.004
138,0.012,0.003
139,0.011,0.004
140,0.011,0.003
141,0.011,0.003
142,0.011,0.003
143,0.011,0.003
144,0.012,0.004
145,0.011,0.003
146,0.011,0.003
147,0.012,0.003
148,0.011,0.004
149,0.011,0.004
150,0.011,0.004
151,0.011,0.004
152,0.011,0.003
153,0.011,0.003
154,0.011,0.004
155,0.011,0.004
156,0.011,0.004
157,0.011,0.003
158,0.012,0.003
159,0.012,0.004
160,0.012,0.004
161,0.012,0.004
162,0.012,0.005
163,0.012,0.004
164,0.012,0.004
165,0.011,0.002
166,0.011,0.003
167,0.011,0.003
168,0.011,0.005
169,0.011,0.003
170,0.011,0.004
1,2.851,1.456
2,1.524,0.877
3,0.796,0.615
4,0.504,0.533
5,0.383,0.447
6,0.317,0.441
7,0.288,0.423
8,0.282,0.43
9,0.271,0.424
10,0.234,0.399
11,1.66,0.657
12,0.449,0.532
13,0.241,0.35
14,0.282,0.341
15,0.203,0.288
16,0.197,0.301
17,0.189,0.266
18,0.217,0.305
19,0.149,0.253
20,0.121,0.224
21,0.135,0.248
22,0.11,0.225
23,0.099,0.196
24,0.1,0.192
25,0.094,0.177
26,0.1,0.182
27,0.091,0.192
28,0.097,0.204
29,0.089,0.172
30,0.081,0.169
31,0.096,0.171
32,0.122,0.193
33,0.082,0.165
34,0.079,0.183
35,0.069,0.146
36,0.072,0.166
37,0.076,0.163
38,0.058,0.143
39,0.049,0.126
40,0.046,0.111
41,0.05,0.111
42,0.052,0.12
43,0.052,0.135
44,0.048,0.109
45,0.066,0.145
46,0.053,0.124
47,0.06,0.129
48,0.068,0.131
49,0.073,0.143
50,0.066,0.126
51,0.139,0.192
52,0.098,0.181
53,0.056,0.128
54,0.065,0.131
55,0.044,0.1
56,0.036,0.093
57,0.05,0.113
58,0.056,0.131
59,0.054,0.127
60,0.053,0.112
61,0.054,0.128
62,0.054,0.103
63,0.062,0.113
64,0.082,0.138
65,0.119,0.182
66,0.092,0.158
67,0.06,0.113
68,0.049,0.122
69,0.054,0.114
70,0.049,0.101
71,0.03,0.074
72,0.04,0.076
73,0.069,0.117
74,0.068,0.141
75,0.06,0.13
76,0.042,0.089
77,0.059,0.116
78,0.05,0.106
79,0.039,0.096
80,0.043,0.101
81,0.052,0.116
82,0.06,0.108
83,0.057,0.105
84,0.061,0.115
85,0.114,0.157
86,0.097,0.179
87,0.081,0.144
88,0.057,0.114
89,0.053,0.122
90,0.048,0.117
91,0.042,0.083
92,0.043,0.096
93,0.052,0.109
94,0.055,0.092
95,0.034,0.081
96,0.051,0.11
97,0.04,0.083
98,0.046,0.087
99,0.038,0.082
100,0.042,0.101
101,0.04,0.093
102,0.04,0.082
103,0.039,0.089
104,0.063,0.097
105,0.086,0.149
106,0.095,0.17
107,0.077,0.13
108,0.069,0.131
109,0.045,0.107
110,0.053,0.115
111,0.028,0.062
112,0.017,0.033
113,0.015,0.024
114,0.015,0.014
115,0.016,0.017
116,0.013,0.016
117,0.013,0.012
118,0.013,0.01
119,0.011,0.009
120,0.013,0.008
121,0.013,0.008
122,0.011,0.008
123,0.012,0.007
124,0.01,0.006
125,0.012,0.006
126,0.011,0.005
127,0.011,0.005
128,0.011,0.004
129,0.01,0.005
130,0.011,0.005
131,0.01,0.004
132,0.011,0.004
133,0.011,0.004
134,0.011,0.005
135,0.011,0.005
136,0.011,0.006
137,0.011,0.004
138,0.011,0.004
139,0.011,0.004
140,0.012,0.006
141,0.011,0.006
142,0.011,0.004
143,0.011,0.005
144,0.011,0.003
145,0.011,0.004
146,0.01,0.004
147,0.011,0.004
148,0.01,0.003
149,0.011,0.005
150,0.011,0.005
151,0.01,0.004
152,0.011,0.004
153,0.011,0.004
154,0.011,0.005
155,0.011,0.004
156,0.01,0.005
157,0.01,0.003
158,0.011,0.004
159,0.011,0.004
160,0.011,0.005
161,0.01,0.005
162,0.011,0.003
163,0.01,0.004
164,0.01,0.004
165,0.011,0.003
166,0.011,0.004
167,0.011,0.004
168,0.012,0.004
169,0.011,0.004
170,0.011,0.004
1,2.84,1.432
2,1.536,0.942
3,0.795,0.632
4,0.486,0.487
5,0.382,0.474
6,0.313,0.437
7,0.262,0.413
8,0.271,0.415
9,0.252,0.378
10,0.228,0.364
11,1.927,0.669
12,0.533,0.632
13,0.355,0.423
14,0.229,0.362
15,0.174,0.286
16,0.155,0.281
17,0.225,0.312
18,0.151,0.284
19,0.15,0.267
20,0.182,0.278
21,0.118,0.228
22,0.156,0.262
23,0.119,0.243
24,0.122,0.236
25,0.083,0.192
26,0.081,0.203
27,0.084,0.188
28,0.071,0.183
29,0.072,0.173
30,0.066,0.141
31,0.103,0.211
32,0.14,0.207
33,0.095,0.285
34,0.074,0.194
35,0.071,0.184
36,0.103,0.214
37,0.136,0.234
38,0.064,0.16
39,0.061,0.141
40,0.109,0.23
41,0.074,0.161
42,0.054,0.133
43,0.076,0.17
44,0.064,0.155
45,0.034,0.096
46,0.046,0.103
47,0.066,0.164
48,0.067,0.151
49,0.059,0.14
50,0.067,0.146
51,0.058,0.129
52,0.065,0.143
53,0.056,0.131
54,0.044,0.098
55,0.045,0.123
56,0.073,0.193
57,0.066,0.15
58,0.066,0.154
59,0.082,0.191
60,0.067,0.142
61,0.064,0.158
62,0.05,0.098
63,0.077,0.201
64,0.065,0.135
65,0.056,0.137
66,0.041,0.09
67,0.03,0.08
68,0.047,0.104
69,0.097,0.195
70,0.07,0.168
71,0.068,0.151
72,0.058,0.124
73,0.087,0.171
74,0.066,0.171
75,0.073,0.147
76,0.093,0.142
77,0.072,0.134
78,0.078,0.176
79,0.062,0.144
80,0.064,0.147
81,0.104,0.196
82,0.074,0.143
83,0.05,0.142
84,0.044,0.115
85,0.035,0.086
86,0.033,0.081
87,0.038,0.089
88,0.086,0.159
89,0.174,0.242
90,0.109,0.263
91,0.057,0.142
92,0.043,0.117
93,0.084,0.229
94,0.07,0.175
95,0.048,0.111
96,0.046,0.096
97,0.065,0.133
98,0.071,0.158
99,0.067,0.166
100,0.043,0.081
101,0.069,0.122
102,0.055,0.166
103,0.081,0.169
104,0.047,0.095
105,0.122,0.242
106,0.067,0.135
107,0.042,0.102
108,0.054,0.098
109,0.047,0.113
110,0.079,0.183
111,0.033,0.081
112,0.021,0.045
113,0.016,0.036
114,0.015,0.027
115,0.016,0.024
116,0.014,0.02
117,0.014,0.016
118,0.012,0.014
119,0.012,0.011
120,0.015,0.015
121,0.013,0.016
122,0.013,0.014
123,0.011,0.012
124,0.012,0.01
125,0.012,0.009
126,0.012,0.009
127,0.011,0.008
128,0.012,0.008
129,0.011,0.007
130,0.014,0.022
131,0.011,0.006
132,0.012,0.008
133,0.013,0.007
134,0.012,0.006
135,0.014,0.017
136,0.011,0.006
137,0.011,0.008
138,0.011,0.008
139,0.012,0.005
140,0.011,0.008
141,0.012,0.007
142,0.01,0.008
143,0.012,0.01
144,0.012,0.006
145,0.013,0.01
146,0.011,0.006
147,0.012,0.009
148,0.011,0.005
149,0.012,0.007
150,0.011,0.007
151,0.01,0.005
152,0.011,0.01
153,0.011,0.007
154,0.011,0.006
155,0.01,0.006
156,0.011,0.006
157,0.011,0.006
158,0.011,0.006
159,0.011,0.005
160,0.01,0.004
161,0.011,0.005
162,0.011,0.004
163,0.011,0.009
164,0.011,0.004
165,0.011,0.004
166,0.01,0.005
167,0.012,0.007
168,0.011,0.004
169,0.012,0.004
170,0.012,0.006
1,2.759,1.212
2,1.477,0.703
3,0.736,0.463
4,0.428,0.369
5,0.298,0.307
6,0.248,0.288
7,0.2,0.271
8,0.17,0.249
9,0.195,0.271
10,0.197,0.302
11,1.896,0.575
12,0.488,0.529
13,0.249,0.316
14,0.178,0.242
15,0.142,0.235
16,0.105,0.207
17,0.104,0.172
18,0.084,0.173
19,0.08,0.15
20,0.094,0.175
21,0.08,0.158
22,0.063,0.15
23,0.072,0.133
24,0.056,0.124
25,0.056,0.118
26,0.097,0.216
27,0.083,0.151
28,0.07,0.132
29,0.062,0.117
30,0.056,0.121
31,0.059,0.146
32,0.04,0.091
33,0.04,0.085
34,0.053,0.097
35,0.056,0.105
36,0.07,0.135
37,0.071,0.153
38,0.053,0.108
39,0.054,0.123
40,0.039,0.094
41,0.041,0.095
42,0.047,0.101
43,0.048,0.103
44,0.046,0.086
45,0.059,0.115
46,0.051,0.118
47,0.047,0.117
48,0.038,0.105
49,0.034,0.078
50,0.039,0.102
51,0.03,0.062
52,0.04,0.091
53,0.059,0.11
54,0.069,0.13
55,0.042,0.098
56,0.042,0.107
57,0.046,0.12
58,0.032,0.075
59,0.032,0.068
60,0.048,0.087
61,0.041,0.089
62,0.043,0.102
63,0.034,0.076
64,0.036,0.092
65,0.043,0.102
66,0.047,0.089
67,0.05,0.104
68,0.046,0.103
69,0.036,0.072
70,0.044,0.082
71,0.05,0.108
72,0.052,0.105
73,0.058,0.127
74,0.057,0.111
75,0.047,0.108
76,0.042,0.102
77,0.05,0.12
78,0.053,0.115
79,0.057,0.114
80,0.045,0.088
81,0.046,0.1
82,0.037,0.095
83,0.043,0.101
84,0.041,0.087
85,0.036,0.081
86,0.051,0.111
87,0.039,0.075
88,0.043,0.087
89,0.044,0.108
90,0.047,0.108
91,0.036,0.08
92,0.037,0.067
93,0.051,0.095
94,0.042,0.105
95,0.038,0.087
96,0.041,0.094
97,0.033,0.075
98,0.031,0.07
99,0.033,0.07
100,0.045,0.101
101,0.036,0.065
102,0.038,0.078
103,0.036,0.097
104,0.042,0.089
105,0.034,0.085
106,0.049,0.088
107,0.036,0.059
108,0.037,0.075
109,0.041,0.092
110,0.046,0.103
111,0.032,0.076
112,0.017,0.025
113,0.016,0.021
114,0.015,0.014
115,0.015,0.012
116,0.014,0.012
117,0.015,0.012
118,0.013,0.009
119,0.014,0.009
120,0.013,0.007
121,0.013,0.007
122,0.012,0.006
123,0.014,0.005
124,0.012,0.005
125,0.013,0.006
126,0.012,0.004
127,0.012,0.004
128,0.013,0.005
129,0.013,0.004
130,0.012,0.006
131,0.013,0.005
132,0.012,0.003
133,0.013,0.004
134,0.012,0.004
135,0.012,0.004
136,0.013,0.004
137,0.012,0.003
138,0.012,0.003
139,0.013,0.004
140,0.013,0.004
141,0.012,0.004
142,0.013,0.004
143,0.013,0.005
144,0.012,0.003
145,0.012,0.003
146,0.013,0.003
147,0.012,0.004
148,0.012,0.003
149,0.013,0.004
150,0.013,0.004
151,0.012,0.003
152,0.012,0.003
153,0.013,0.003
154,0.013,0.004
155,0.013,0.003
156,0.013,0.003
157,0.012,0.004
158,0.013,0.003
159,0.012,0.003
160,0.012,0.003
161,0.013,0.003
162,0.012,0.002
163,0.013,0.004
164,0.012,0.003
165,0.012,0.002
166,0.013,0.004
167,0.013,0.004
168,0.013,0.003
169,0.012,0.002
170,0.012,0.003
1,2.909,1.472
2,1.655,0.96
3,0.909,0.678
4,0.555,0.551
5,0.413,0.488
6,0.317,0.467
7,0.299,0.455
8,0.249,0.447
9,0.254,0.452
10,0.292,0.479
11,1.915,0.688
12,0.497,0.539
13,0.313,0.406
14,0.284,0.389
15,0.327,0.394
16,0.238,0.345
17,0.22,0.311
18,0.171,0.307
19,0.143,0.275
20,0.118,0.274
21,0.123,0.254
22,0.098,0.233
23,0.101,0.22
24,0.082,0.203
25,0.127,0.226
26,0.161,0.239
27,0.108,0.251
28,0.091,0.208
29,0.053,0.174
30,0.048,0.138
31,0.056,0.167
32,0.052,0.137
33,0.066,0.175
34,0.068,0.164
35,0.075,0.187
36,0.067,0.171
37,0.048,0.139
38,0.049,0.134
39,0.084,0.147
40,0.077,0.188
41,0.063,0.157
42,0.047,0.141
43,0.045,0.111
44,0.045,0.115
45,0.053,0.145
46,0.049,0.131
47,0.066,0.142
48,0.066,0.159
49,0.043,0.12
50,0.05,0.127
51,0.064,0.143
52,0.066,0.155
53,0.037,0.124
54,0.035,0.084
55,0.042,0.109
56,0.049,0.127
57,0.055,0.135
58,0.046,0.124
59,0.053,0.123
60,0.043,0.112
61,0.048,0.124
62,0.047,0.118
63,0.043,0.111
64,0.052,0.122
65,0.049,0.123
66,0.056,0.127
67,0.046,0.108
68,0.043,0.112
69,0.051,0.131
70,0.067,0.135
71,0.05,0.138
72,0.055,0.129
73,0.051,0.119
74,0.056,0.142
75,0.07,0.148
76,0.079,0.173
77,0.06,0.142
78,0.041,0.108
79,0.051,0.123
80,0.046,0.109
81,0.045,0.108
82,0.055,0.134
83,0.04,0.11
84,0.034,0.09
85,0.046,0.129
86,0.057,0.136
87,0.063,0.109
88,0.069,0.133
89,0.049,0.103
90,0.034,0.089
91,0.046,0.118
92,0.049,0.118
93,0.058,0.124
94,0.043,0.092
95,0.063,0.131
96,0.045,0.11
97,0.057,0.12
98,0.052,0.11
99,0.039,0.105
100,0.059,0.132
101,0.085,0.154
102,0.069,0.135
103,0.053,0.116
104,0.041,0.101
105,0.049,0.129
106,0.031,0.07
107,0.042,0.077
108,0.057,0.136
109,0.047,0.119
110,0.04,0.107
111,0.024,0.057
112,0.019,0.028
113,0.016,0.021
114,0.015,0.016
115,0.015,0.016
116,0.013,0.013
117,0.014,0.011
118,0.013,0.009
119,0.013,0.008
120,0.012,0.008
121,0.013,0.008
122,0.012,0.007
123,0.013,0.007
124,0.013,0.01
125,0.013,0.008
126,0.012,0.005
127,0.012,0.006
128,0.011,0.004
129,0.012,0.005
130,0.011,0.004
131,0.012,0.004
132,0.011,0.003
133,0.012,0.004
134,0.012,0.004
135,0.012,0.005
136,0.012,0.005
137,0.012,0.004
138,0.011,0.004
139,0.012,0.004
140,0.012,0.003
141,0.012,0.003
142,0.012,0.005
143,0.012,0.004
144,0.011,0.005
145,0.012,0.005
146,0.011,0.003
147,0.013,0.005
148,0.013,0.004
149,0.012,0.005
150,0.011,0.004
151,0.012,0.005
152,0.012,0.004
153,0.012,0.004
154,0.013,0.003
155,0.012,0.004
156,0.012,0.006
157,0.013,0.004
158,0.012,0.003
159,0.012,0.003
160,0.012,0.003
161,0.013,0.004
162,0.011,0.003
163,0.012,0.003
164,0.012,0.004
165,0.012,0.004
166,0.011,0.004
167,0.012,0.004
168,0.012,0.005
169,0.011,0.004
170,0.012,0.004
1,3.038,1.356
2,1.766,0.988
3,1.013,0.748
4,0.607,0.588
5,0.438,0.53
6,0.429,0.549
7,0.357,0.511
8,0.299,0.541
9,0.274,0.483
10,0.308,0.461
11,3.714,0.996
12,0.981,1.035
13,0.62,0.721
14,0.357,0.637
15,0.255,0.466
16,0.27,0.498
17,0.353,0.479
18,0.268,0.517
19,0.264,0.482
20,0.241,0.413
21,0.174,0.341
22,0.152,0.32
23,0.155,0.338
24,0.207,0.458
25,0.164,0.376
26,0.1,0.264
27,0.096,0.246
28,0.227,0.576
29,0.147,0.373
30,0.192,0.509
31,0.157,0.363
32,0.137,0.322
33,0.12,0.325
34,0.111,0.312
35,0.084,0.235
36,0.057,0.191
37,0.096,0.216
38,0.28,0.342
39,0.148,0.307
40,0.083,0.291
41,0.069,0.211
42,0.083,0.187
43,0.088,0.259
44,0.066,0.219
45,0.123,0.316
46,0.068,0.211
47,0.065,0.224
48,0.154,0.275
49,0.116,0.27
50,0.057,0.167
51,0.044,0.164
52,0.052,0.15
53,0.043,0.146
54,0.068,0.184
55,0.07,0.278
56,0.051,0.146
57,0.035,0.12
58,0.052,0.192
59,0.089,0.224
60,0.198,0.331
61,0.111,0.283
62,0.065,0.217
63,0.157,0.301
64,0.091,0.231
65,0.117,0.266
66,0.117,0.286
67,0.06,0.194
68,0.073,0.158
69,0.153,0.332
70,0.089,0.228
71,0.07,0.177
72,0.077,0.178
73,0.067,0.217
74,0.08,0.208
75,0.112,0.206
76,0.039,0.11
77,0.036,0.113
78,0.087,0.201
79,0.115,0.24
80,0.066,0.19
81,0.071,0.191
82,0.052,0.129
83,0.034,0.105
84,0.035,0.088
85,0.068,0.203
86,0.179,0.353
87,0.109,0.256
88,0.095,0.178
89,0.252,0.363
90,0.122,0.26
91,0.079,0.223
92,0.042,0.132
93,0.035,0.095
94,0.078,0.24
95,0.072,0.19
96,0.06,0.188
97,0.052,0.151
98,0.059,0.176
99,0.063,0.134
100,0.044,0.11
101,0.037,0.101
102,0.045,0.111
103,0.198,0.323
104,0.098,0.257
105,0.135,0.305
106,0.063,0.149
107,0.037,0.103
108,0.029,0.086
109,0.045,0.105
110,0.066,0.175
111,0.059,0.119
112,0.024,0.062
113,0.021,0.041
114,0.016,0.035
115,0.014,0.031
116,0.013,0.025
117,0.013,0.022
118,0.015,0.021
119,0.014,0.023
120,0.013,0.02
121,0.013,0.019
122,0.013,0.016
123,0.014,0.028
124,0.014,0.025
125,0.013,0.019
126,0.012,0.02
127,0.013,0.012
128,0.012,0.011
129,0.011,0.012
130,0.013,0.012
131,0.012,0.021
132,0.013,0.013
133,0.014,0.013
134,0.012,0.011
135,0.012,0.013
136,0.012,0.009
137,0.013,0.01
138,0.012,0.01
139,0.014,0.021
140,0.011,0.012
141,0.012,0.009
142,0.012,0.009
143,0.013,0.008
144,0.011,0.014
145,0.013,0.009
146,0.012,0.01
147,0.012,0.016
148,0.012,0.013
149,0.011,0.009
150,0.012,0.013
151,0.011,0.009
152,0.012,0.009
153,0.011,0.007
154,0.012,0.011
155,0.012,0.009
156,0.012,0.009
157,0.011,0.012
158,0.012,0.01
159,0.012,0.007
160,0.012,0.008
161,0.011,0.007
162,0.013,0.011
163,0.012,0.008
164,0.011,0.007
165,0.011,0.007
166,0.012,0.009
167,0.012,0.009
168,0.011,0.008
169,0.012,0.008
170,0.013,0.01
